POSICAO,DESCRICAO_PRIMEIRA
0101,-- Reprodutores de raça pura
0102,Prenhes ou com cria ao pé
0103,- Reprodutores de raça pura
0104,Prenhes ou com cria ao pé
0105,"De linhas puras ou híbridas, para reprodução"
0106,-- Primatas
0201,- Carcaças e meias-carcaças
0202,- Carcaças e meias-carcaças
0203,-- Carcaças e meias-carcaças
0204,"- Carcaças e meias-carcaças de cordeiro, frescas ou refrigeradas"
0205,"Carnes de animais das espécies cavalar, asinina e muar, frescas, refrigeradas ou congeladas."
0206,"- Da espécie bovina, frescas ou refrigeradas"
0207,"-- Não cortadas em pedaços, frescas ou refrigeradas"
0208,- De coelhos ou lebres
0209,"Fresco, refrigerado ou congelado"
0210,"-- Pernas, pás e respectivos pedaços, não desossados"
0301,Aruanã (Osteoglossum bicirrhosum)
0302,"-- Trutas (Salmo trutta, Oncorhynchus mykiss, Oncorhynchus clarki, Oncorhynchus aguabonita, Oncorhynchus gilae, Oncorhynchus apache e Oncorhynchus chrysogaster)"
0303,-- Salmão-do-pacífico (salmão-vermelho) (Oncorhynchus nerka)
0304,-- Tilápias (Oreochromis spp.)
0305,Ovas de tainhas (Mugil spp.)
0306,Inteiras
0307,"-- Vivas, frescas ou refrigeradas"
0308,"-- Vivos, frescos ou refrigerados"
0309,- De peixe
0401,Leite UHT (Ultra High Temperature)
0402,"Com um teor de arsênio, chumbo ou cobre, considerados isoladamente, inferior a 5 ppm"
0403,- Iogurte
0404,"- Soro de leite, modificado ou não, mesmo concentrado ou adicionado de açúcar ou de outros edulcorantes"
0405,- Manteiga
0406,Mozarela
0407,-- De aves da espécie Gallus domesticus
0408,-- Secas
0409,Mel natural.
0410,- Insetos
0501,"Cabelo em bruto, mesmo lavado ou desengordurado; desperdícios de cabelo."
0502,"Lavadas, alvejadas ou desengorduradas, mesmo tintas"
0504,De bovinos
0505,- Penas do tipo utilizado para enchimento ou estofamento; penugem
0506,- Osseína e ossos acidulados
0507,- Marfim; pó e desperdícios de marfim
0508,"Coral e matérias semelhantes, em bruto ou simplesmente preparados, mas não trabalhados de outro modo; conchas e carapaças de moluscos, crustáceos ou de equinodermes e ossos de sépias (chocos*) (chocos e chopos*), em bruto ou simplesmente preparados, mas não cortados em forma determinada, seus pós e desperdícios."
0510,Pâncreas de bovino
0511,- Sêmen de bovino
0601,"- Bulbos, tubérculos, raízes tuberosas, cormos, coroas e rizomas, em repouso vegetativo"
0602,- Estacas não enraizadas e enxertos
0603,-- Rosas
0604,- Frescos
0701,- Batata-semente
0702,"Tomates, frescos ou refrigerados."
0703,Para semeadura (sementeira)
0704,- Couve-flor e brócolis
0705,-- Repolhuda
0706,- Cenouras e nabos
0707,"Pepinos e pepininhos (cornichons), frescos ou refrigerados."
0708,- Ervilhas (Pisum sativum)
0709,- Aspargos
0710,- Batatas
0711,Com água salgada
0712,- Cebolas
0713,Para semeadura (sementeira)
0714,- Raízes de mandioca
0801,-- Dessecados
0802,-- Com casca
0803,- Bananas-da-terra (Bananas-pão*) (Plátanos*)
0804,Frescas
0805,- Laranjas
0806,- Frescas
0807,-- Melancias
0808,- Maçãs
0809,- Damascos
0810,- Morangos
0811,- Morangos
0812,- Cerejas
0813,- Damascos
0814,"Cascas de citros (citrinos), de melões ou de melancias, frescas, secas, congeladas ou apresentadas em água salgada, sulfurada ou adicionada de outras substâncias destinadas a assegurar transitoriamente a sua conservação."
0901,Em grão
0902,- Chá verde (não fermentado) em embalagens imediatas de conteúdo não superior a 3 kg
0903,Simplesmente cancheado
0904,-- Não triturada nem em pó
0905,- Não triturada nem em pó
0906,-- Canela (Cinnamomum zeylanicum blume)
0907,- Não triturado nem em pó
0908,-- Não triturada nem em pó
0909,-- Não trituradas nem em pó
0910,-- Não triturado nem em pó
1001,-- Para semeadura (sementeira)
1002,- Para semeadura (sementeira)
1003,- Para semeadura (sementeira)
1004,- Para semeadura (sementeira)
1005,- Para semeadura (sementeira)
1006,Para semeadura (sementeira)
1007,- Para semeadura (sementeira)
1008,Para semeadura (sementeira)
1101,De trigo
1102,- Farinha de milho
1103,-- De trigo
1104,-- De aveia
1105,"- Farinha, sêmola e pó"
1106,"- Dos legumes de vagem, secos, da posição 07.13"
1107,Inteiro ou partido
1108,-- Amido de trigo
1109,"Glúten de trigo, mesmo seco."
1201,- Para semeadura (sementeira)
1202,- Para semeadura (sementeira)
1203,Copra.
1204,Para semeadura (sementeira)
1205,Para semeadura (sementeira)
1206,Para semeadura (sementeira)
1207,Para semeadura (sementeira)
1208,- De soja
1209,- Sementes de beterraba sacarina
1210,"- Cones de lúpulo, não triturados nem moídos nem em pellets"
1211,- Raízes de ginseng
1212,-- Próprias para alimentação humana
1213,"Palhas e cascas de cereais, em bruto, mesmo picadas, moídas, prensadas ou em pellets."
1214,"- Farinha e pellets, de alfafa (luzerna)"
1301,- Goma-arábica
1302,Concentrados de palha de papoula
1401,- Bambus
1404,Em bruto
1501,- Banha
1502,Em bruto
1503,"Estearina solar, óleo de banha de porco, oleoestearina, oleomargarina e óleo de sebo, não
emulsionados nem misturados, nem preparados de outro modo."
1504,Óleo em bruto
1505,Lanolina
1506,"Outras gorduras e óleos animais, e respectivas frações, mesmo refinados, mas não quimicamente
modificados."
1507,"- Óleo em bruto, mesmo degomado"
1508,- Óleo em bruto
1509,- Azeite de oliva (oliveira) extra virgem
1510,- Óleo de bagaço de azeitona em bruto
1511,- Óleo em bruto
1512,De girassol
1513,-- Óleo em bruto
1514,-- Óleos em bruto
1515,-- Óleo em bruto
1516,- Gorduras e óleos animais e respectivas frações
1517,"- Margarina, exceto a margarina líquida"
1518,Óleo vegetal epoxidado
1520,Glicerol em bruto
1521,- Ceras vegetais
1522,Dégras; resíduos provenientes do tratamento das substâncias gordas ou das ceras animais ou vegetais.
1601,"Enchidos e produtos semelhantes, de carne, miudezas, sangue ou de insetos; preparações alimentícias à base desses produtos."
1602,- Preparações homogeneizadas
1603,"Extratos e sucos de carne, peixes ou crustáceos, moluscos ou de outros invertebrados aquáticos."
1604,-- Salmões
1605,- Caranguejos
1701,-- De beterraba
1702,"-- Que contenham, em peso, 99 % ou mais de lactose, expresso em lactose anidra, calculado sobre a matéria seca"
1703,- Melaços de cana
1704,"- Gomas de mascar (pastilhas elásticas), mesmo revestidas de açúcar"
1801,"Cacau inteiro ou partido, em bruto ou torrado."
1802,"Cascas, películas e outros desperdícios de cacau."
1803,- Não desengordurada
1804,"Manteiga, gordura e óleo, de cacau."
1805,"Cacau em pó, sem adição de açúcar ou de outros edulcorantes."
1806,"- Cacau em pó, com adição de açúcar ou de outros edulcorantes"
1901,Leite modificado
1902,-- Que contenham ovos
1903,"Tapioca e seus sucedâneos preparados a partir de féculas, em flocos, grumos, grãos, pérolas ou formas
semelhantes."
1904,"- Produtos à base de cereais, obtidos por expansão ou por torrefação"
1905,- Pão crocante denominado knäckebrot
2001,- Pepinos e pepininhos (cornichons)
2002,- Tomates inteiros ou em pedaços
2003,- Cogumelos do gênero Agaricus
2004,- Batatas
2005,- Produtos hortícolas homogeneizados
2006,"Produtos hortícolas, fruta, cascas de fruta e outras partes de plantas, conservados com açúcar (passados por calda, glaçados ou cristalizados)."
2007,- Preparações homogeneizadas
2008,-- Amendoins
2009,-- Congelado
2101,"Café solúvel, mesmo descafeinado"
2102,Saccharomyces boulardii
2103,Em embalagens imediatas de conteúdo inferior ou igual a 1 kg
2104,Em embalagens imediatas de conteúdo inferior ou igual a 1 kg
2105,Em embalagens imediatas de conteúdo inferior ou igual a 2 kg
2106,- Concentrados de proteínas e substâncias proteicas texturizadas
2201,- Águas minerais e águas gaseificadas
2202,"- Águas, incluindo as águas minerais e as águas gaseificadas, adicionadas de açúcar ou de outros edulcorantes ou aromatizadas"
2203,Cervejas de malte.
2204,Tipo champanha (champagne)
2205,- Em recipientes de capacidade não superior a 2 l
2206,Sidra
2207,Com um teor de água inferior ou igual a 1 % vol.
2208,"- Aguardentes de vinho ou de bagaço, de uvas"
2209,"Vinagres e seus sucedâneos obtidos a partir do ácido acético, para uso alimentar."
2301,De carne
2302,- De milho
2303,- Resíduos da fabricação do amido e resíduos semelhantes
2304,Farinhas e pellets
2305,"Tortas (bagaços) e outros resíduos sólidos, mesmo triturados ou em pellets, da extração do óleo de amendoim."
2306,- De sementes de algodão
2307,Borras de vinho; tártaro em bruto.
2308,"Matérias vegetais e desperdícios vegetais, resíduos e subprodutos vegetais, mesmo em pellets, do tipo utilizado na alimentação de animais, não especificados nem compreendidos noutras posições."
2309,"- Alimentos para cães ou gatos, acondicionados para venda a retalho"
2401,"Em folhas, sem secar nem fermentar"
2402,"- Charutos e cigarrilhas, que contenham tabaco"
2403,-- Tabaco para narguilé (cachimbo de água) mencionado na Nota de subposição 1 do presente Capítulo
2404,-- Que contenham tabaco ou tabaco reconstituído
2501,Sal marinho
2502,Piritas de ferro não ustuladas.
2503,A granel
2504,- Em pó ou em escamas
2505,- Areias siliciosas e areias quartzosas
2506,- Quartzo
2507,Caulim (caulino)
2508,- Bentonita
2509,Cré.
2510,Fosfatos de cálcio naturais
2511,- Sulfato de bário natural (baritina)
2512,"Farinhas siliciosas fósseis (por exemplo, kieselguhr, tripolita, diatomita) e outras terras siliciosas
análogas de densidade aparente não superior a 1, mesmo calcinadas."
2513,- Pedra-pomes
2514,"Ardósia, mesmo desbastada ou simplesmente cortada à serra ou por outro meio, em blocos ou placas de forma quadrada ou retangular."
2515,-- Em bruto ou desbastados
2516,-- Em bruto ou desbastado
2517,"- Calhaus, cascalho, pedras britadas, do tipo normalmente utilizado em concreto (betão) ou para empedramento de estradas, de vias férreas ou outros balastros, seixos rolados e sílex, mesmo tratados termicamente"
2518,"- Dolomita não calcinada nem sinterizada, denominada ""crua"""
2519,- Carbonato de magnésio natural (magnesita)
2520,Em pedaços irregulares (pedras)
2521,Castinas; pedras calcárias utilizadas na fabricação de cal ou de cimento.
2522,- Cal viva
2523,"- Cimentos não pulverizados, denominados clinkers"
2524,- Crocidolita
2525,- Mica em bruto ou clivada em folhas ou lamelas irregulares (splittings)
2526,- Não triturados nem em pó
2528,"Boratos naturais e seus concentrados (calcinados ou não), exceto boratos extraídos de salmouras naturais; ácido bórico natural com um teor máximo de 85 % de H3BO3, em produto seco."
2529,- Feldspato
2530,Perlita
2601,-- Não aglomerados
2602,Aglomerados
2603,Sulfetos
2604,Minérios de níquel e seus concentrados.
2605,Minérios de cobalto e seus concentrados.
2606,Não calcinada
2607,Minérios de chumbo e seus concentrados.
2608,Sulfetos
2609,Minérios de estanho e seus concentrados.
2610,Cromita
2611,Minérios de tungstênio (volfrâmio) e seus concentrados.
2612,- Minérios de urânio e seus concentrados
2613,Molibdenita
2614,Ilmenita
2615,Badeleíta
2616,- Minérios de prata e seus concentrados
2617,- Minérios de antimônio e seus concentrados
2618,"Escória de altos-fornos granulada (areia de escória) proveniente da fabricação de ferro fundido, ferro ou aço."
2619,"Escórias (exceto escória de altos-fornos granulada) e outros desperdícios da fabricação de ferro fundido, ferro ou aço."
2620,-- Mates de galvanização
2621,- Cinzas e resíduos provenientes da incineração de resíduos municipais
2701,-- Antracita
2702,"- Linhitas, mesmo em pó, mas não aglomeradas"
2703,"Turfa (incluindo a turfa para cama de animais), mesmo aglomerada."
2704,Com granulometria igual ou superior a 80 mm
2705,"Gás de hulha, gás de água, gás pobre (gás de ar) e gases semelhantes, exceto gases de petróleo e outros
hidrocarbonetos gasosos."
2706,"Alcatrões de hulha, de linhita ou de turfa e outros alcatrões minerais, mesmo desidratados ou parcialmente destilados, incluindo os alcatrões reconstituídos."
2707,- Benzol (benzeno)
2708,- Breu
2709,De petróleo
2710,Hexano comercial
2711,-- Gás natural
2712,- Vaselina
2713,-- Não calcinado
2714,- Xistos e areias betuminosos
2715,"Misturas betuminosas à base de asfalto ou de betume naturais, de betume de petróleo, de alcatrão mineral ou de breu de alcatrão mineral (por exemplo, mástiques betuminosas e cut-backs)."
2716,Energia elétrica.
2801,- Cloro
2802,Enxofre sublimado ou precipitado; enxofre coloidal.
2803,Negro de acetileno
2804,- Hidrogênio
2805,-- Sódio
2806,Em estado gasoso ou liquefeito
2807,Ácido sulfúrico
2808,Ácido nítrico
2809,- Pentóxido de difósforo
2810,Ácido ortobórico
2811,-- Fluoreto de hidrogênio (ácido fluorídrico)
2812,-- Dicloreto de carbonila (fosgênio)
2813,- Dissulfeto de carbono
2814,- Amoníaco anidro
2815,-- Sólido
2816,Hidróxido
2817,Óxido de zinco (branco de zinco)
2818,"Branco, que passe através de uma peneira com abertura de malha de 63 micrômetros (mícrons) em proporção superior a 90 %, em peso"
2819,- Trióxido de cromo
2820,"Com um teor de MnO2 igual ou superior a 91%,  em peso (manganês eletrolítico)"
2821,"Com um teor de Fe2O3 igual ou superior a 85 %, em peso"
2822,Tetraóxido de tricobalto (óxido salino de cobalto)
2823,Tipo anátase
2824,"- Monóxido de chumbo (litargírio, massicote)"
2825,Hidrazina e seus sais inorgânicos
2826,-- De alumínio
2827,- Cloreto de amônio
2828,- Hipoclorito de cálcio comercial e outros hipocloritos de cálcio
2829,-- De sódio
2830,De dissódio
2831,Estabilizados
2832,De dissódio
2833,Anidro
2834,De sódio
2835,De sódio
2836,Anidro
2837,-- De sódio
2839,-- Metassilicatos
2840,-- Anidro
2841,- Dicromato de sódio
2842,Zeólitas do tipo utilizado como trocadores de íons para o tratamento de águas
2843,- Metais preciosos no estado coloidal
2844,"- Urânio natural e seus compostos; ligas, dispersões (incluindo os cermets), produtos cerâmicos e misturas que contenham urânio natural ou compostos de urânio natural"
2845,- Água pesada (óxido de deutério)
2846,Óxido cérico
2847,"Peróxido de hidrogênio (água oxigenada), mesmo solidificado com ureia."
2849,- De cálcio
2850,Nitreto de boro
2852,Óxidos
2853,- Cloreto de cianogênio (clorociano)
2901,- Saturados
2902,-- Cicloexano
2903,Clorometano (cloreto de metila)
2904,Ácido metanossulfônico
2905,-- Metanol (álcool metílico)
2906,-- Mentol
2907,-- Fenol (hidroxibenzeno) e seus sais
2908,-- Pentaclorofenol (ISO)
2909,-- Éter dietílico (óxido de dietila)
2910,- Oxirano (óxido de etileno)
2911,Dimetilacetal do 2-nitrobenzaldeído
2912,-- Metanal (formaldeído)
2913,Tricloroacetaldeído
2914,-- Acetona
2915,-- Ácido fórmico
2916,Ácido acrílico
2917,Ácido oxálico e seus sais
2918,"-- Ácido láctico, seus sais e seus ésteres"
2919,"- Fosfato de tris(2,3-dibromopropila)"
2920,Paration (etil paration)
2921,Monometilamina
2922,-- Monoetanolamina e seus sais
2923,- Colina e seus sais
2924,-- Meprobamato (DCI)
2925,-- Sacarina e seus sais
2926,- Acrilonitrila
2927,Compostos diazoicos
2928,Metiletilacetoxima
2929,Di-isocianato de difenilmetano
2930,"- 2-(N,N-Dimetilamino)etanotiol"
2931,- Tetrametila de chumbo e tetraetila de chumbo
2932,-- Tetra-hidrofurano
2933,Dipirona
2934,Fentiazac
2935,- N-Metilperfluoroctano sulfonamida
2936,Vitamina A1 álcool (retinol)
2937,"-- Somatotropina, seus derivados e análogos estruturais"
2938,- Rutosídio (rutina) e seus derivados
2939,Concentrados de palha de dormideira ou papoula
2940,Galactose
2941,Ampicilina e seus sais
2942,Outros compostos orgânicos.
3001,De fígado
3002,Antiofídicos e outros antivenenosos
3003,Ampicilina ou seus sais
3004,Ampicilina ou seus sais
3005,Impregnados ou recobertos de substâncias farmacêuticas
3006,"Materiais para suturas cirúrgicas, de polidioxanona"
3101,"Adubos (fertilizantes) de origem animal ou vegetal, mesmo misturados entre si ou tratados quimicamente; adubos (fertilizantes) resultantes da mistura ou do tratamento químico de produtos de origem animal ou vegetal."
3102,"Que contenha, em peso, mais de 45 % de nitrogênio (azoto), calculado sobre o produto anidro no estado seco"
3103,"-- Que contenham, em peso, 35 % ou mais de pentóxido de difósforo (P2O5)"
3104,"Que contenha, em peso, 60 % ou menos de óxido de potássio (K2O)"
3105,"- Produtos do presente Capítulo apresentados em tabletes ou formas semelhantes, ou ainda em embalagens de peso bruto não superior a 10 kg"
3201,- Extrato de quebracho
3202,- Produtos tanantes orgânicos sintéticos
3203,Hemateína
3204,-- Corantes dispersos e preparações à base desses corantes
3205,"Lacas corantes; preparações indicadas na Nota 3 do presente Capítulo, à base de lacas corantes."
3206,Pigmentos tipo rutilo
3207,"Suspensão de pigmentos em solventes orgânicos, do tipo utilizado em impressoras de jato de tinta para decoração de superfícies cerâmicas por cozimento"
3208,Tintas
3209,Tintas
3210,Tintas
3211,Secantes preparados.
3212,- Folhas para marcar a ferro
3213,- Cores em sortidos
3214,"Mástique de vidraceiro, cimentos de resina e outras mástiques"
3215,-- Pretas
3301,De petit grain
3302,- Do tipo utilizado para as indústrias alimentares ou de bebidas
3303,Perfumes (extratos)
3304,- Produtos de maquiagem para os lábios
3305,- Xampus
3306,- Dentifrícios (dentífricos)
3307,"- Preparações para barbear (antes, durante ou após)"
3401,Sabões medicinais
3402,-- Ácidos sulfônicos de alquilbenzenos lineares e seus sais
3403,Para o tratamento de matérias têxteis
3404,Ceras artificiais
3405,"- Pomadas, cremes e preparações semelhantes, para calçado ou para couros"
3406,"Velas, pavios, círios e artigos semelhantes."
3407,Massas ou pastas para modelar
3501,- Caseínas
3502,-- Seca
3503,"De osseína, com grau de pureza igual ou superior a 99,98 %, em peso"
3504,Peptonas e peptonatos
3505,- Dextrina e outros amidos e féculas modificados
3506,À base de cianoacrilatos
3507,- Coalho e seus concentrados
3601,Pólvoras propulsivas.
3602,"Explosivos preparados, exceto pólvoras propulsivas."
3603,"- Estopins e rastilhos, de segurança"
3604,- Fogos de artifício
3605,"Fósforos, exceto os artigos de pirotecnia da posição 36.04."
3606,"- Combustíveis líquidos e combustíveis gasosos liquefeitos, em recipientes do tipo utilizado para carregar ou recarregar isqueiros ou acendedores, com capacidade não superior a 300 cm3"
3701,Sensibilizados em uma face
3702,Sensibilizados em uma face
3703,Para fotografia a cores (policromo)
3704,"Chapas, filmes, papéis, cartões e têxteis, fotográficos, impressionados, mas não revelados."
3705,"Fotomáscaras sobre vidro plano, positivas, próprias para gravação em pastilhas de silício (chips) para fabricação de microestruturas eletrônicas"
3706,- De largura igual ou superior a 35 mm
3707,- Emulsões para sensibilização
3801,- Grafita artificial
3802,- Carvões ativados
3803,Em bruto
3804,Ao sulfito
3805,"- Essências de terebintina, de pinheiro ou provenientes da fabricação da pasta de papel ao sulfato"
3806,- Colofônias e ácidos resínicos
3807,"Alcatrões de madeira; óleos de alcatrão de madeira; creosoto de madeira; metileno; breu (pez) vegetal; breu (pez) para a indústria da cerveja e preparações semelhantes à base de colofônias, de ácidos resínicos ou de breu (pez) vegetal."
3808,"-- DDT (ISO) (clofenotano (DCI)), acondicionado em embalagens com um conteúdo de peso líquido não superior a 300 g"
3809,Do tipo utilizado na indústria têxtil
3810,Preparações para decapagem de metais
3811,-- À base de compostos de chumbo
3812,"- Preparações denominadas ""aceleradores de vulcanização"""
3813,"Que contenham bromoclorodifluorometano, bromotrifluorometano ou dibromotetrafluoroetanos"
3814,"Que contenham clorofluorcarbonetos (CFC) do metano, do etano ou do propano, mesmo que
contenham hidroclorofluorcarbonetos (HCFC)"
3815,-- Tendo como substância ativa o níquel ou um composto de níquel
3816,À base de magnesita calcinada
3817,Misturas de alquilbenzenos
3818,De silício
3819,"Fluidos para freios (travões) hidráulicos e outros líquidos preparados para transmissões hidráulicas, que não contenham óleos de petróleo nem de minerais betuminosos, ou que os contenham em proporção inferior a 70 %, em peso."
3820,Preparações anticongelantes e líquidos preparados para descongelamento.
3821,"Meios de cultura preparados para o desenvolvimento e a manutenção de microrganismos (incluindo os vírus e os organismos similares) ou de células vegetais, humanas ou animais."
3822,-- Para a malária (paludismo)
3823,-- Ácido esteárico
3824,- Aglutinantes preparados para moldes ou para núcleos de fundição
3825,- Resíduos municipais
3826,"Biodiesel e suas misturas, que não contenham ou que contenham menos de 70 %, em peso, de óleos de petróleo ou de óleos minerais betuminosos."
3827,Que contenham triclorotrifluoroetanos
3901,Com carga
3902,Com carga
3903,Com carga
3904,Obtido por processo de suspensão
3905,-- Em dispersão aquosa
3906,- Poli(metacrilato de metila)
3907,"Com carga, nas formas previstas na Nota 6 a) deste Capítulo"
3908,Poliamida-11
3909,- Resinas ureicas; resinas de tioureia
3910,"Misturas de pré-polímeros lineares e cíclicos, obtidos por hidrólise de dimetildiclorosilano, de peso molecular médio inferior ou igual a 8.800"
3911,Com carga
3912,Com carga
3913,"- Ácido algínico, seus sais e seus ésteres"
3914,"De copolímeros de estireno-divinilbenzeno, sulfonados"
3915,- De polímeros de etileno
3916,- De polímeros de etileno
3917,De proteínas endurecidas
3918,- De polímeros de cloreto de vinila
3919,De polipropileno
3920,"De densidade igual ou superior a 0,94, espessura inferior ou igual a 19 micrômetros (mícrons), em rolos de largura inferior ou igual a 66 cm"
3921,-- De polímeros de estireno
3922,"- Banheiras, boxes para chuveiros (polibãs*), pias e lavatórios"
3923,"Estojos de plástico, do tipo utilizado para acondicionar discos para sistemas de leitura por raio laser"
3924,- Serviços de mesa e outros utensílios de mesa ou de cozinha
3925,"- Reservatórios, cisternas, cubas e recipientes análogos, de capacidade superior a 300 l"
3926,- Artigos de escritório e artigos escolares
4001,"- Látex de borracha natural, mesmo pré-vulcanizado"
4002,De estireno-butadieno (SBR)
4003,"Borracha regenerada, em formas primárias ou em chapas, folhas ou tiras."
4004,"Desperdícios, resíduos e aparas, de borracha não endurecida, mesmo reduzidos a pó ou a grânulos."
4005,"Borracha etileno-propileno-dieno não conjugado-propileno (EPDM-propileno), com sílica e plastificante, em grânulos"
4006,- Perfis para recauchutagem
4007,"Recobertos com silicone, mesmo paralelizados"
4008,"-- Chapas, folhas e tiras"
4009,-- Sem acessórios
4010,-- Reforçadas apenas com metal
4011,- Do tipo utilizado em automóveis de passageiros (incluindo os veículos de uso misto (station wagons) e os automóveis de corrida)
4012,-- Do tipo utilizado em automóveis de passageiros (incluindo os veículos de uso misto (station wagons) e os automóveis de corrida)
4013,"Para pneumáticos do tipo utilizado em ônibus ou caminhões, de medida 11,00-24"
4014,- Preservativos
4015,"-- Do tipo utilizado em medicina, cirurgia, odontologia ou veterinária"
4016,"Partes de veículos automóveis ou tratores e de máquinas ou aparelhos, não domésticos, dos Capítulos 84, 85 ou 90"
4017,"Borracha endurecida (ebonite, por exemplo) sob qualquer forma, incluindo os desperdícios e resíduos; obras de borracha endurecida."
4101,"- Couros e peles em bruto, inteiros, não divididos, de peso unitário não superior a 8 kg quando secos, a 10 kg quando salgados a seco e a 16 kg quando frescos, salgados a úmido ou conservados de outro modo"
4102,- Com lã (não depiladas)
4103,- De répteis
4104,"Couros e peles inteiros, de bovinos (incluindo os búfalos), de superfície unitária não superior a 2,6 m2, simplesmente curtidos ao cromo (wet-blue)"
4105,Com pré-curtimenta vegetal
4106,Com pré-curtimenta vegetal
4107,"Couros e peles de bovinos (incluindo os búfalos), de superfície unitária não superior a 2,6 m2"
4112,"Couros preparados após curtimenta ou após secagem (crusting) e couros e peles apergaminhados, de ovinos, depilados, mesmo divididos, exceto os da posição 41.14."
4113,"Curtidos ao cromo, com acabamento"
4114,- Couros e peles acamurçados (incluindo a camurça combinada)
4115,"- Couro reconstituído à base de couro ou de fibras de couro, em chapas, folhas ou tiras, mesmo enroladas"
4201,De couro natural ou reconstituído
4202,-- Com a superfície exterior de couro natural ou reconstituído
4203,- Vestuário
4205,Outras obras de couro natural ou reconstituído.
4206,"Obras de tripa, de baudruches, de bexiga ou de tendões."
4301,"- De visons, inteiras, mesmo com cabeça, cauda ou patas"
4302,-- De visons
4303,- Vestuário e seus acessórios
4304,"Peles com pelo artificiais, e suas obras."
4401,-- De coníferas
4402,Carvão vegetal - - De bambu
4403,-- De coníferas
4404,- De coníferas
4405,Lã de madeira; farinha de madeira.
4406,-- De coníferas
4407,-- De pinheiro (Pinus spp.)
4408,Obtidas por corte de madeira estratificada
4409,- De coníferas
4410,Em bruto ou simplesmente polidos
4411,Não trabalhados mecanicamente nem recobertos à superfície
4412,- De bambu
4413,"Madeira densificada, em blocos, pranchas, lâminas ou perfis."
4414,- De madeira tropical
4415,"- Caixotes, caixas, engradados, barricas e embalagens semelhantes; carretéis para cabos"
4416,De carvalho (Quercus spp.)
4417,Ferramentas
4418,-- De madeira tropical
4419,"-- Tábuas para cortar pão, outras tábuas para cortar e artigos semelhantes"
4420,-- De madeira tropical
4421,- Cabides para vestuário
4501,"- Cortiça natural, em bruto ou simplesmente preparada"
4502,"Cortiça natural, sem a crosta ou simplesmente esquadriada, ou em cubos, chapas, folhas ou tiras, de forma quadrada ou retangular (incluindo os esboços com arestas vivas, para rolhas)."
4503,- Rolhas
4504,"- Cubos, blocos, chapas, folhas e tiras; ladrilhos de qualquer formato; cilindros maciços, incluindo os discos"
4601,-- De bambu
4602,-- De bambu
4701,Pastas mecânicas de madeira.
4702,"Pastas químicas de madeira, para dissolução."
4703,-- De coníferas
4704,-- De coníferas
4705,Pastas de madeira obtidas por combinação de um tratamento mecânico com um tratamento químico.
4706,- Pastas de línteres de algodão
4707,"- Papel ou cartão, Kraft, crus, ou papel ou cartão, ondulados (canelados*)"
4801,"Em folhas, nas que nenhum lado exceda 360 mm, quando não dobradas"
4802,- Papel e cartão feitos à mão (folha a folha)
4803,Pasta (ouate) de celulose e mantas de fibras de celulose
4804,-- Crus
4805,-- Papel semiquímico para ondular (canelar*)
4806,- Papel-pergaminho e cartão-pergaminho (sulfurizados)
4807,"Papel e cartão obtidos por colagem de folhas sobrepostas, não revestidos na superfície nem impregnados, mesmo reforçados interiormente, em rolos ou em folhas."
4808,"- Papel e cartão ondulados (canelados*), mesmo perfurados"
4809,- Papel autocopiativo
4810,De largura não superior a 15 cm
4811,"Em tiras ou rolos de largura não superior a 15 cm ou em folhas em que nenhum lado exceda 360 mm, quando não dobradas"
4812,"Blocos e chapas, filtrantes, de pasta de papel."
4813,- Em cadernos ou em tubos
4814,"- Papel de parede e revestimentos para parede semelhantes, constituídos por papel revestido ou recoberto, no lado da face, por uma camada de plástico granida, gofrada, colorida, impressa com desenhos ou decorada de qualquer outra forma"
4816,- Papel autocopiativo
4817,- Envelopes
4818,- Papel higiênico
4819,"- Caixas de papel ou cartão, ondulados (canelados*)"
4820,"- Livros de registro e de contabilidade, blocos de notas, de encomendas, de recibos, de apontamentos, de papel para cartas, agendas e artigos semelhantes"
4821,- Impressas
4822,- Do tipo utilizado para enrolamento de fios têxteis
4823,"De peso superior a 15 g/m2, mas não superior a 25 g/m2, com um conteúdo de fibras sintéticas termossoldáveis igual ou superior a 20 %, mas não superior a 30 %, em peso, do conteúdo total de fibras"
4901,"- Em folhas soltas, mesmo dobradas"
4902,- Que se publiquem pelo menos quatro vezes por semana
4903,"Álbuns ou livros de ilustrações e álbuns para desenhar ou colorir, para crianças."
4904,"Música manuscrita ou impressa, ilustrada ou não, mesmo encadernada."
4905,- Sob a forma de livros ou brochuras
4906,"Planos, plantas e desenhos, de arquitetura, de engenharia e outros planos e desenhos industriais, comerciais, topográficos ou semelhantes, originais, feitos à mão; textos manuscritos; reproduções fotográficas em papel sensibilizado e cópias a papel-carbono (papel químico) dos planos, plantas, desenhos ou textos acima referidos."
4907,Notas (papéis-moeda)
4908,- Decalcomanias vitrificáveis
4909,"Cartões-postais impressos ou ilustrados; cartões impressos com votos ou mensagens pessoais, mesmo
ilustrados, mesmo com envelopes, guarnições ou aplicações."
4910,"Calendários de qualquer espécie, impressos, incluindo os blocos-calendários para desfolhar."
4911,"Que contenham informações relativas ao funcionamento, manutenção, reparo ou utilização de máquinas, aparelhos, veículos e outras mercadorias de origem extrazona"
5001,Casulos de bicho-da-seda próprios para dobar.
5002,Seda crua (não fiada).
5003,Não cardados nem penteados
5004,Fios de seda (exceto fios de desperdícios de seda) não acondicionados para venda a retalho.
5005,"Fios de desperdícios de seda, não acondicionados para venda a retalho."
5006,"Fios de seda ou de desperdícios de seda, acondicionados para venda a retalho; pelo de Messina (crina de Florença)."
5007,"Estampados, tintos ou de fios de diversas cores"
5101,"De finura igual ou superior 22,05 micrômetros (mícrons), mas inferior ou igual a 32,6 micrômetros (mícrons)"
5102,-- De cabra de Caxemira
5103,- Desperdícios da penteação de lã ou de pelos finos
5104,Fiapos de lã ou de pelos finos ou grosseiros.
5105,- Lã cardada
5106,"- Que contenham pelo menos 85 %, em peso, de lã"
5107,"De dois cabos, de título inferior ou igual a 184,58 decitex por cabo"
5108,- Cardados
5109,"- Que contenham pelo menos 85 %, em peso, de lã ou de pelos finos"
5110,"Fios de pelos grosseiros ou de crina (incluindo os fios de crina revestidos por enrolamento), mesmo acondicionados para venda a retalho."
5111,De lã
5112,-- De peso não superior a 200 g/m2
5113,"Que contenham pelo menos 85 %, em peso, de pelos grosseiros"
5201,Não debulhado
5202,- Desperdícios de fios
5203,Algodão cardado ou penteado.
5204,De dois cabos
5205,"-- De título igual ou superior a 714,29 decitex (número métrico não superior a 14)"
5206,"-- De título igual ou superior a 714,29 decitex (número métrico não superior a 14)"
5207,"- Que contenham pelo menos 85 %, em peso, de algodão"
5208,"-- Em ponto de tafetá, de peso não superior a 100 g/m2"
5209,-- Em ponto de tafetá
5210,-- Em ponto de tafetá
5211,-- Em ponto de tafetá
5212,-- Crus
5301,- Linho em bruto ou macerado
5302,- Cânhamo em bruto ou macerado
5303,Juta
5305,"De abacá, em bruto"
5306,- Simples
5307,De juta
5308,- Fios de cairo (fibra de coco)
5309,-- Crus ou branqueados
5310,Aniagem de juta
5311,Tecidos de outras fibras têxteis vegetais; tecidos de fios de papel.
5401,Não acondicionadas para venda a retalho
5402,-- De aramidas
5403,"- Fios de alta tenacidade, de raiom viscose"
5404,-- De elastômeros
5405,"Monofilamentos artificiais, de título igual ou superior a 67 decitex e cuja maior dimensão da seção transversal não seja superior a 1 mm; lâminas e formas semelhantes (palha artificial, por exemplo) de matérias têxteis artificiais, cuja largura aparente não seja superior a 5 mm."
5406,Fios de filamentos sintéticos
5407,De aramidas
5408,"- Tecidos obtidos a partir de fios de alta tenacidade, de raiom viscose"
5501,-- De aramidas
5502,- De acetato de celulose
5503,-- De aramidas
5504,- De raiom viscose
5505,- De fibras sintéticas
5506,- De náilon ou de outras poliamidas
5507,"Fibras artificiais descontínuas, cardadas, penteadas ou transformadas de outro modo para fiação."
5508,- De fibras sintéticas descontínuas
5509,-- Simples
5510,"De raiom viscose, exceto modal"
5511,"- De fibras sintéticas descontínuas, que contenham pelo menos 85 %, em peso, destas fibras"
5512,-- Crus ou branqueados
5513,"-- De fibras descontínuas de poliéster, em ponto de tafetá"
5514,"-- De fibras descontínuas de poliéster, em ponto de tafetá"
5515,"-- Combinadas, principal ou unicamente, com fibras descontínuas de raiom viscose"
5516,-- Crus ou branqueados
5601,Pastas (ouates)
5602,- Feltros agulhados e artigos obtidos por costura por entrelaçamento (cousus-tricotés)
5603,De aramidas
5604,"- Fios e cordas, de borracha, recobertos de têxteis"
5605,Com metais preciosos
5606,"Fios revestidos por enrolamento, lâminas e formas semelhantes das posições 54.04 ou 54.05, revestidas
por enrolamento, exceto os da posição 56.05 e os fios de crina revestidos por enrolamento; fios de froco
(chenille); fios denominados ""de cadeia"" (chaînette)."
5607,-- Cordéis para atadeiras ou enfardadeiras
5608,-- Redes confeccionadas para a pesca
5609,De algodão
5701,Feitos à mão
5702,"- Tapetes denominados Kelim ou Kilim, Schumacks ou Soumak, Karamanie e tapetes semelhantes tecidos à mão"
5703,- De lã ou de pelos finos
5704,"- ""Ladrilhos"" de área da superfície não superior a 0,3 m2"
5705,"Outros tapetes e revestimentos para pisos (pavimentos), de matérias têxteis, mesmo confeccionados."
5801,- De lã ou de pelos finos
5802,"- Tecidos atoalhados (turcos), de algodão"
5803,De algodão
5804,De algodão
5805,De algodão
5806,"- Fitas de veludo, de pelúcias, de tecidos de froco (chenille) ou de tecidos atoalhados (turcos)"
5807,- Tecidos
5808,- Tranças em peça
5809,"Tecidos de fios de metal e tecidos de fios metálicos ou de fios têxteis metalizados da posição 56.05, do tipo utilizado em vestuário, para guarnição de interiores ou usos semelhantes, não especificados nem compreendidos noutras posições."
5810,- Bordados químicos ou aéreos e bordados com fundo recortado
5811,"Artigos têxteis acolchoados em peça, constituídos por uma ou mais camadas de matérias têxteis associadas a uma matéria de enchimento ou estofamento, acolchoados por qualquer processo, exceto os bordados da posição 58.10."
5901,"- Tecidos revestidos de cola ou de matérias amiláceas, do tipo utilizado na encadernação, cartonagem ou usos semelhantes"
5902,"Impregnadas, recobertas ou revestidas com borracha"
5903,- Com poli(cloreto de vinila)
5904,- Linóleos
5905,"Revestimentos para paredes, de matérias têxteis."
5906,- Fitas adesivas de largura não superior a 20 cm
5907,"Outros tecidos impregnados, revestidos ou recobertos; telas pintadas para cenários teatrais, para fundos de estúdio ou para usos semelhantes."
5908,"Mechas de matérias têxteis, tecidas, entrançadas ou tricotadas, para candeeiros, fogareiros, isqueiros, velas e semelhantes; camisas de incandescência e tecidos tubulares tricotados para a sua fabricação, mesmo impregnados."
5909,"Mangueiras e tubos semelhantes, de matérias têxteis, mesmo com reforço ou acessórios de outras matérias."
5910,"Correias transportadoras ou de transmissão, de matérias têxteis, mesmo impregnadas, revestidas ou recobertas, de plástico, ou estratificadas com plástico ou reforçadas com metal ou com outras matérias."
5911,"- Tecidos, feltros e tecidos forrados de feltro, combinados com uma ou mais camadas de borracha, couro ou de outras matérias, do tipo utilizado na fabricação de guarnições de cardas, e produtos análogos para outros usos técnicos, incluindo as fitas de veludo, impregnadas de borracha, para recobrimento de cilindros de teares"
6001,De algodão
6002,De algodão
6003,- De lã ou de pelos finos
6004,Crus ou branqueados
6005,-- Crus ou branqueados
6006,- De lã ou de pelos finos
6101,- De algodão
6102,- De lã ou de pelos finos
6103,De lã ou de pelos finos
6104,-- De fibras sintéticas
6105,- De algodão
6106,- De algodão
6107,-- De algodão
6108,-- De fibras sintéticas ou artificiais
6109,- De algodão
6110,-- De lã
6111,- De algodão
6112,-- De algodão
6113,"Vestuário confeccionado com tecidos de malha das posições 59.03, 59.06 ou 59.07."
6114,- De algodão
6115,"De fibras sintéticas, de título inferior a 67 decitex por fio simples"
6116,"- Impregnadas, revestidas, recobertas ou estratificadas, de plástico ou de borracha"
6117,"- Xales, echarpes, lenços de pescoço, cachenês, cachecóis, mantilhas, véus e semelhantes"
6201,- De lã ou de pelos finos
6202,- De lã ou de pelos finos
6203,-- De lã ou de pelos finos
6204,-- De lã ou de pelos finos
6205,- De algodão
6206,- De seda ou de desperdícios de seda
6207,-- De algodão
6208,-- De fibras sintéticas ou artificiais
6209,- De algodão
6210,- Com as matérias das posições 56.02 ou 56.03
6211,-- De uso masculino
6212,- Sutiãs e bustiês (sutiãs de cós alto*)
6213,- De algodão
6214,- De seda ou de desperdícios de seda
6215,- De seda ou de desperdícios de seda
6216,"Luvas, mitenes e semelhantes."
6217,- Acessórios
6301,"- Cobertores e mantas, elétricos"
6302,"- Roupa de cama, de malha"
6303,-- De fibras sintéticas
6304,-- De malha
6305,- De juta ou de outras fibras têxteis liberianas da posição 53.03
6306,-- De fibras sintéticas
6307,"- Rodilhas, esfregões, panos de prato ou de cozinha, flanelas e artigos de limpeza semelhantes"
6308,"Sortidos constituídos por cortes de tecido e fios, mesmo com acessórios, para confecção de tapetes, tapeçarias, toalhas de mesa ou guardanapos, bordados, ou artigos têxteis semelhantes, em embalagens para venda a retalho."
6309,"Vestuário, seus acessórios, e suas partes"
6310,- Selecionados
6401,- Calçado com biqueira protetora de metal
6402,-- Calçado para esqui e para surfe de neve
6403,-- Calçado para esqui e para surfe de neve
6404,"-- Calçado para esporte; calçado para tênis, basquetebol, ginástica, treino e semelhantes"
6405,Com sola exterior de borracha ou plástico e parte superior de couro reconstituído
6406,"- Partes superiores de calçado e seus componentes, exceto contrafortes e biqueiras rígidas"
6501,"Esboços não enformados nem na copa nem na aba, discos e cilindros, mesmo cortados no sentido da altura, de feltro, para chapéus."
6502,"De palha fina (manila, panamá e semelhantes)"
6504,"De palha fina (manila, panamá e semelhantes)"
6505,De algodão
6506,"- Capacetes e artigos de uso semelhante, de proteção"
6507,"Carneiras, forros, capas, armações, palas e barbicachos (francaletes*), para chapéus e artigos de uso semelhante."
6601,- Guarda-sóis de jardim e artigos semelhantes
6602,"Bengalas, bengalas-assentos, chicotes, pingalins e artigos semelhantes."
6603,"- Armações montadas, mesmo com hastes ou cabos, para guarda-chuvas, sombrinhas ou guarda-sóis"
6701,"Peles e outras partes de aves, com as suas penas ou penugem, penas, partes de penas, penugem e artigos destas matérias, exceto os produtos da posição 05.05, bem como os cálamos e outros canos de"
6702,- De plástico
6703,"Cabelo disposto no mesmo sentido, adelgaçado, branqueado ou preparado de outro modo; lã, pelos e outras matérias têxteis, preparados para fabricação de perucas ou de artigos semelhantes."
6704,-- Perucas completas
6801,"Pedras para calcetar, meios-fios (lancis) e placas (lajes) para pavimentação, de pedra natural (exceto a ardósia)."
6802,"- Ladrilhos, cubos, pastilhas e artigos semelhantes, mesmo de forma diferente da quadrada ou retangular, cuja maior superfície possa ser inscrita num quadrado de lado inferior a 7 cm; grânulos, fragmentos e pós, corados artificialmente"
6803,Ardósia natural trabalhada e obras de ardósia natural ou aglomerada.
6804,- Mós para moer ou desfibrar
6805,- Aplicados apenas sobre tecidos de matérias têxteis
6806,"- Lãs de escórias de altos-fornos, lãs de outras escórias, lã de rocha e lãs minerais semelhantes, mesmo misturadas entre si, a granel, em folhas ou em rolos"
6807,- Em rolos
6808,"Painéis, chapas, ladrilhos, blocos e semelhantes, de fibras vegetais, palha ou aparas, partículas, serragem (serradura) ou outros desperdícios de madeira, aglomerados com cimento, gesso ou outros aglutinantes minerais."
6809,-- Revestidos ou reforçados exclusivamente com papel ou cartão
6810,-- Blocos e tijolos para a construção
6811,- Que contenham amianto
6812,- De crocidolita
6813,- Que contenham amianto
6814,"- Placas, folhas ou tiras, de mica aglomerada ou reconstituída, mesmo com suporte"
6815,-- Fibras de carbono
6901,"Tijolos, placas (lajes), ladrilhos e outras peças cerâmicas de farinhas siliciosas fósseis (por exemplo, kieselguhr, tripolita, diatomita) ou de terras siliciosas semelhantes."
6902,"Tijolos ou placas, que contenham, em peso, mais de 90 % de trióxido de dicromo"
6903,"De grafita, exceto os do subitem 6903.10.12"
6904,- Tijolos para construção
6905,- Telhas
6906,"Tubos, calhas ou algerozes e acessórios para canalizações, de cerâmica."
6907,"-- Com um coeficiente de absorção de água, em peso, não superior a 0,5 %"
6909,-- De porcelana
6910,- De porcelana
6911,"Conjunto (jogo ou aparelho) para jantar, café ou chá, apresentado em embalagem comum"
6912,"Serviços de mesa, artigos de cozinha, outros artigos de uso doméstico e artigos de higiene ou de toucador, de cerâmica, exceto de porcelana."
6913,- De porcelana
6914,- De porcelana
7001,"Cacos, fragmentos e outros desperdícios e resíduos de vidro, exceto o vidro de tubos catódicos e outros vidros ativados da posição 85.49; vidro em blocos ou massas."
7002,- Esferas
7003,"-- Coradas na massa, opacificadas, folheadas (chapeadas), ou com camada absorvente, refletora ou não"
7004,"- Vidro corado na massa, opacificado, folheado (chapeado), ou com camada absorvente, refletora ou não"
7005,"- Vidro não armado, com camada absorvente, refletora ou não"
7006,"Vidro das posições 70.03, 70.04 ou 70.05, recurvado, biselado, gravado, brocado, esmaltado ou trabalhado de outro modo, mas não emoldurado nem associado a outras matérias."
7007,"-- De dimensões e formatos que permitam a sua aplicação em automóveis, veículos aéreos, barcos ou
outros veículos"
7008,Vidros isolantes de paredes múltiplas.
7009,- Espelhos retrovisores para veículos
7010,- Ampolas
7011,"Para lâmpadas ou tubos de descarga, incluindo os de luz relâmpago (flash)"
7013,- Objetos de vitrocerâmica
7014,"Artigos de vidro para sinalização e elementos de óptica de vidro (exceto os da posição 70.15), não trabalhados opticamente."
7015,Fotocromáticos
7016,"- Cubos, pastilhas e outros artigos semelhantes, de vidro, mesmo com suporte, para mosaicos ou decorações semelhantes"
7017,"- De quartzo ou de outras sílicas, fundidos"
7018,Contas de vidro
7019,"-- Fios cortados (chopped strands), de comprimento não superior a 50 mm"
7020,"Ampolas de vidro para garrafas térmicas ou para outros recipientes isotérmicos, cujo isolamento seja assegurado pelo vácuo"
7101,- Pérolas naturais
7102,- Não selecionados
7103,- Em bruto ou simplesmente serradas ou desbastadas
7104,- Quartzo piezelétrico
7105,- De diamantes
7106,- Pós
7107,"Metais comuns folheados ou chapeados (plaquê) de prata, em formas brutas ou semimanufaturadas."
7108,-- Pós
7109,"Metais comuns ou prata, folheados ou chapeados (plaquê) de ouro, em formas brutas ou semimanufaturadas."
7110,-- Em formas brutas ou em pó
7111,"Metais comuns, prata ou ouro, folheados ou chapeados (plaquê) de platina, em formas brutas ou semimanufaturadas."
7112,"Que contenham ouro, mas que não contenham outros metais preciosos"
7113,"-- De prata, mesmo revestida, folheada ou chapeada de outros metais preciosos (plaquê)"
7114,"-- De prata, mesmo revestida, folheada ou chapeada de outros metais preciosos (plaquê)"
7115,"- Telas ou grades catalisadoras, de platina"
7116,- De pérolas naturais ou cultivadas
7117,-- Abotoaduras (botões de punho) e artigos semelhantes
7118,Destinadas a ter curso legal no país importador
7201,"- Ferro fundido bruto não ligado, que contenha, em peso, 0,5 % ou menos de fósforo"
7202,"-- Que contenha, em peso, mais de 2 % de carbono"
7203,- Produtos ferrosos obtidos por redução direta dos minérios de ferro
7204,"- Desperdícios e resíduos, e sucata, de ferro fundido"
7205,- Granalhas
7206,- Lingotes
7207,Billets
7208,"- Em rolos, simplesmente laminados a quente, apresentando motivos em relevo"
7209,-- De espessura igual ou superior a 3 mm
7210,"-- De espessura igual ou superior a 0,5 mm"
7211,"-- Laminados nas quatro faces ou em caixa fechada, de largura superior a 150 mm e de espessura igual ou superior a 4 mm, não enrolados e não apresentando motivos em relevo"
7212,- Estanhados
7213,"- Dentados, com nervuras, sulcos (entalhes) ou relevos, obtidos durante a laminagem"
7214,"Com um teor de carbono inferior ou igual a 0,6 %, em peso"
7215,"- De aço para tornear, simplesmente obtidas ou completamente acabadas a frio"
7216,"- Perfis em U, I ou H, simplesmente laminados, estirados ou extrudados, a quente, de altura inferior a 80 mm"
7217,"Com um teor, em peso, de fósforo inferior a 0,035 % e de enxofre inferior a 0,035 %, temperado e revenido, flecha máxima sem carga de 1 cm em 1 m, resistência à tração igual ou superior a 1.960 MPa e cuja maior dimensão da seção transversal seja inferior ou igual a 2,25 mm"
7218,- Lingotes e outras formas primárias
7219,-- De espessura superior a 10 mm
7220,"-- De espessura igual ou superior a 4,75 mm"
7221,Fio-máquina de aço inoxidável.
7222,-- De seção circular
7223,Fios de aço inoxidável.
7224,- Lingotes e outras formas primárias
7225,-- De grãos orientados
7226,-- De grãos orientados
7227,- De aço de corte rápido
7228,"Simplesmente laminadas, estiradas ou extrudadas, a quente"
7229,- De aço siliciomanganês
7301,- Estacas-pranchas
7302,"De aço, de peso linear igual ou superior a 44,5 kg/m"
7303,"Tubos e perfis ocos, de ferro fundido."
7304,-- De aço inoxidável
7305,-- Soldados longitudinalmente por arco imerso
7306,"-- Soldados, de aço inoxidável"
7307,-- De ferro fundido não maleável
7308,- Pontes e elementos de pontes
7309,Para armazenamento de grãos e outras matérias sólidas
7310,"Recipientes isotérmicos refrigerados a nitrogênio (azoto) líquido, do tipo utilizado para sêmen, sangue, tecidos biológicos e outros produtos semelhantes"
7311,"Recipientes para gases comprimidos ou liquefeitos, de ferro fundido, ferro ou aço."
7312,De fios de aço revestidos de bronze ou latão
7313,"Arame farpado, de ferro ou aço; arames ou tiras, retorcidos, mesmo farpados, de ferro ou aço, do tipo utilizado em cercas."
7314,"-- Telas metálicas, contínuas ou sem fim, para máquinas, de aço inoxidável"
7315,"Do tipo utilizado em bicicletas, com passo de 12,7 mm (1/2"") e largura interna igual ou superior a 1,98 mm (5/64""), mas inferior ou igual a 3,17 mm (1/8"")"
7316,"Âncoras, fateixas, e suas partes, de ferro fundido, ferro ou aço."
7317,Tachas
7318,-- Tira-fundos
7319,- Alfinetes de segurança e outros alfinetes
7320,- Molas de folhas e suas folhas
7321,"-- A combustíveis gasosos, ou a gás e outros combustíveis"
7322,-- De ferro fundido
7323,"- Palha de ferro ou aço; esponjas, esfregões, luvas e artigos semelhantes para limpeza, polimento ou usos semelhantes"
7324,"- Pias e lavatórios, de aço inoxidável"
7325,"- De ferro fundido, não maleável"
7326,"-- Esferas e artigos semelhantes, para moinhos"
7401,Mates de cobre; cobre de cementação (precipitado de cobre).
7402,Cobre não refinado (afinado); ânodos de cobre para refinação (afinação) eletrolítica.
7403,-- Cátodos e seus elementos
7404,"Desperdícios e resíduos, e sucata, de cobre."
7405,Ligas-mãe de cobre.
7406,- Pós de estrutura não lamelar
7407,Barras
7408,-- Com a maior dimensão da seção transversal superior a 6 mm
7409,-- Em rolos
7410,"De espessura inferior ou igual a 0,04 mm e uma resistividade elétrica inferior ou igual a
0,017241 ohm.mm2/m"
7411,Não aletados nem ranhurados
7412,- De cobre refinado (afinado)
7413,"Cordas, cabos, tranças (entrançados*) e artigos semelhantes, de cobre, não isolados para usos elétricos."
7415,"- Tachas, pregos, percevejos, escápulas (pregos para tacos) e artigos semelhantes"
7418,"- Serviços de mesa, artigos de cozinha e outros artigos de uso doméstico, e suas partes; esponjas, esfregões, luvas e artigos semelhantes, para limpeza, polimento ou usos semelhantes"
7419,"- Vazadas, moldadas, estampadas ou forjadas, mas não trabalhadas de outro modo"
7501,- Mates de níquel
7502,Catodos
7503,"Desperdícios e resíduos, e sucata, de níquel."
7504,Não ligado
7505,Barras
7506,- De níquel não ligado
7507,-- De níquel não ligado
7508,"- Telas metálicas e grades, de fios de níquel"
7601,- Alumínio não ligado
7602,"Desperdícios e resíduos, e sucata, de alumínio."
7603,- Pós de estrutura não lamelar
7604,Barras
7605,"Com um teor de alumínio igual ou superior a 99,45 %, em peso, e uma resistividade elétrica inferior ou igual a 0,0283 ohm.mm2/m"
7606,"Com um teor, em peso, de silício igual ou superior a 0,05 % e inferior ou igual a 0,20 %, de ferro igual ou superior a 0,20 % e inferior ou igual a 0,40 %, de cobre inferior ou igual a 0,05 %, de zinco inferior ou igual a 0,05 %, de manganês inferior ou igual a 0,1 % e de outros elementos, cada um, inferior ou igual a 0,1 %, de espessura inferior ou igual a 0,4 mm, em bobinas de largura superior a 900 mm, com uma relação entre as rugosidades máxima e aritmética média igual ou superior a 1,25 e inferior ou igual a 1,30 em cada uma das faces e com um limite de resistência à tração igual ou superior a 115 MPa"
7607,"Com um teor, em peso, de alumínio igual ou superior a 99 % e de magnésio superior a 0,06 %, de espessura igual ou superior a 0,12 mm, com um limite de resistência a tração igual ou superior a 140 MPa, mas inferior ou igual a 240 MPa, e alongamento igual ou superior a 0,90 %, mas inferior ou igual a 7 %"
7608,- De alumínio não ligado
7609,"Acessórios para tubos (por exemplo, uniões, cotovelos, luvas (mangas*)), de alumínio."
7610,"- Portas e janelas, e seus caixilhos, alizares e soleiras"
7611,"Reservatórios, tonéis, cubas e recipientes semelhantes para quaisquer matérias (exceto gases comprimidos ou liquefeitos), de alumínio, de capacidade superior a 300 l, sem dispositivos mecânicos ou térmicos, mesmo com revestimento interior ou calorífugo."
7612,"- Recipientes tubulares, flexíveis"
7613,"Recipientes para gases comprimidos ou liquefeitos, de alumínio."
7614,Cordas e cabos
7615,"- Serviços de mesa, artigos de cozinha e outros artigos de uso doméstico, e suas partes; esponjas, esfregões, luvas e artigos semelhantes, para limpeza, polimento ou usos semelhantes"
7616,"- Tachas, pregos, escápulas (pregos para tacos), parafusos, pinos ou pernos roscados, porcas, ganchos roscados, rebites, chavetas, cavilhas, contrapinos ou troços, arruelas (anilhas) e artigos semelhantes"
7801,Em lingotes
7802,"Desperdícios e resíduos, e sucata, de chumbo."
7804,"-- Folhas e tiras, de espessura não superior a 0,2 mm (excluindo o suporte)"
7806,"Barras, perfis e fios"
7901,Em lingotes
7902,"Desperdícios e resíduos, e sucata, de zinco."
7903,- Poeiras de zinco
7904,"Barras, perfis e fios, de zinco."
7905,"Chapas, folhas e tiras, de zinco."
7907,Tubos e seus acessórios
8001,- Estanho não ligado
8002,"Desperdícios e resíduos, e sucata, de estanho."
8003,"Barras, perfis e fios, de estanho."
8007,"Chapas, folhas e tiras"
8101,- Pós
8102,- Pós
8103,"- Tântalo em formas brutas, incluindo as barras simplesmente obtidas por sinterização; pós"
8104,"-- Que contenha pelo menos 99,8 %, em peso, de magnésio"
8105,Em formas brutas
8106,"- Que contenham mais de 99,99 %, em peso, de bismuto"
8108,- Titânio em formas brutas; pós
8109,"-- Que contenham menos de uma parte de háfnio para 500 partes, em peso, de zircônio"
8110,Em formas brutas
8111,Em formas brutas
8112,-- Em formas brutas; pós
8113,"Chapas, folhas, tiras, fios, hastes, pastilhas e plaquetas"
8201,- Pás
8202,- Serras manuais
8203,Limas e grosas
8204,-- De abertura fixa
8205,- Ferramentas de furar ou de roscar
8206,"Ferramentas de pelo menos duas das posições 82.02 a 82.05, acondicionadas em sortidos para venda a retalho."
8207,-- Com parte operante de cermets
8208,- Para trabalhar metais
8209,Intercambiáveis
8210,Moinhos
8211,- Sortidos
8212,Navalhas
8213,Tesouras e suas lâminas.
8214,"- Espátulas (corta-papéis), abre-cartas, raspadeiras, apontadores de lápis (apara-lápis) e suas lâminas"
8215,"- Sortidos que contenham pelo menos um objeto prateado, dourado ou platinado"
8301,- Cadeados
8302,- Dobradiças de qualquer espécie (incluindo os gonzos e as charneiras)
8303,"Cofres-fortes, portas blindadas e compartimentos para casas-fortes, cofres e caixas de segurança e artigos semelhantes, de metais comuns."
8304,"Classificadores, fichários (ficheiros), caixas de classificação, porta-cópias, porta-canetas, porta-carimbos e artigos semelhantes, de escritório, de metais comuns, excluindo os móveis de escritório da posição 94.03."
8305,- Ferragens para encadernação de folhas soltas ou para classificadores
8306,"- Sinos, campainhas, gongos e artigos semelhantes"
8307,"Do tipo utilizado na exploração submarina de petróleo ou gás, constituídos por camadas flexíveis de aço e camadas de plástico, de diâmetro interior superior a 254 mm"
8308,"- Grampos, colchetes e ilhoses"
8309,- Cápsulas de coroa
8310,"Placas indicadoras, placas sinalizadoras, placas-endereços e placas semelhantes, números, letras e sinais diversos, de metais comuns, exceto os da posição 94.05."
8311,"- Eletrodos revestidos exteriormente para soldar a arco, de metais comuns"
8401,- Reatores nucleares
8402,-- Caldeiras aquatubulares com produção de vapor superior a 45 t por hora
8403,Com capacidade inferior ou igual a 200.000 kcal/hora
8404,Da posição 84.02
8405,"- Geradores de gás de ar (gás pobre) ou de gás de água, mesmo com depuradores; geradores de acetileno e geradores semelhantes de gás, operados a água, mesmo com depuradores"
8406,- Turbinas para propulsão de embarcações
8407,- Motores para aviação
8408,Do tipo fora de borda
8409,- De motores para aviação
8410,-- De potência não superior a 1.000 kW
8411,-- De empuxo (impulso*) não superior a 25 kN
8412,"- Propulsores a reação, excluindo os turborreatores"
8413,"-- Bombas para distribuição de combustíveis ou lubrificantes, do tipo utilizado em postos (estações) de serviço ou garagens"
8414,- Bombas de vácuo
8415,Do tipo split-system (sistema com elementos separados)
8416,- Queimadores de combustíveis líquidos
8417,Fornos industriais para fusão de metais
8418,"- Combinações de refrigeradores e congeladores (freezers), munidos de portas ou gavetas exteriores
separadas, ou de uma combinação desses elementos"
8419,"-- De aquecimento instantâneo, a gás"
8420,Para papel ou cartão
8421,Com capacidade de processamento de leite igual ou superior a 30.000 l/h
8422,-- Do tipo doméstico
8423,"- Balanças para pessoas, incluindo as balanças para bebês; balanças de uso doméstico"
8424,"- Extintores, mesmo carregados"
8425,-- De motor elétrico
8426,"-- Pontes e vigas, rolantes, de suportes fixos"
8427,"De capacidade de carga superior a 6,5 t"
8428,- Elevadores e monta-cargas
8429,"De potência no volante igual ou superior a 387,76 kW (520 HP)"
8430,- Bate-estacas e arranca-estacas
8431,"Do item 8425.19.10 ou das subposições 8425.39, 8425.42 ou 8425.49"
8432,- Arados e charruas
8433,"-- Motorizados, cujo dispositivo de corte gira num plano horizontal"
8434,- Máquinas de ordenhar
8435,- Máquinas e aparelhos
8436,- Máquinas e aparelhos para preparação de alimentos ou rações para animais
8437,"- Máquinas para limpeza, seleção ou peneiração de grãos ou de produtos hortícolas secos"
8438,"- Máquinas e aparelhos para as indústrias de panificação, pastelaria, bolachas e biscoitos e de massas
alimentícias"
8439,Para tratamento preliminar das matérias-primas
8440,Com alimentação automática
8441,Cortadeiras bobinadoras com velocidade de bobinado superior a 2.000 m/min
8442,De compor por processo fotográfico
8443,"Para impressão multicolor de jornais, de largura igual ou superior a 900 mm, com unidades de impressão em configuração torre e dispositivos automáticos de emendar bobinas"
8444,Para extrudar
8445,Para lã
8446,Com mecanismo Jacquard
8447,-- Com cilindro de diâmetro não superior a 165 mm
8448,Ratieras
8449,Máquinas e aparelhos para fabricação ou acabamento de feltros
8450,-- Máquinas inteiramente automáticas
8451,- Máquinas para lavar a seco
8452,- Máquinas de costura de uso doméstico
8453,"Máquinas para dividir couros com largura útil inferior ou igual a 3.000 mm, com lâmina sem fim, com controle eletrônico programável"
8454,- Conversores
8455,- Laminadores de tubos
8456,Para corte de chapas metálicas de espessura superior a 8 mm
8457,- Centros de usinagem (fabricação*)
8458,Revólver
8459,- Unidades com cabeça deslizante
8460,-- De comando numérico
8461,Para escatelar
8462,-- Máquinas para forjamento em matriz fechada
8463,Para estirar tubos
8464,- Máquinas para serrar
8465,- Máquinas-ferramentas capazes de efetuar diferentes tipos de operações sem troca de ferramentas
8466,- Porta-ferramentas e fieiras de abertura automática
8467,Furadeiras
8468,- Maçaricos de uso manual
8470,"- Calculadoras eletrônicas capazes de funcionar sem fonte externa de energia elétrica e máquinas de bolso com função de cálculo incorporada que permitam gravar, reproduzir e visualizar informações"
8471,"De peso inferior a 350 g, com tela de área não superior a 140 cm2"
8472,- Duplicadores
8473,"-- Das calculadoras eletrônicas das subposições 8470.10, 8470.21 ou 8470.29"
8474,"- Máquinas e aparelhos para selecionar, peneirar, separar ou lavar"
8475,"- Máquinas para montagem de lâmpadas, tubos ou válvulas, elétricos ou eletrônicos, ou de lâmpadas de luz relâmpago (flash), que tenham invólucro de vidro"
8476,-- Com dispositivo de aquecimento ou de refrigeração incorporado
8477,"Monocolor, para materiais termoplásticos, com capacidade de injeção inferior ou igual a 5.000 g e força de fechamento inferior ou igual a 12.000 kN"
8478,Batedoras-separadoras automáticas de talos e folhas
8479,Automotrizes para espalhar e calcar pisos (pavimentos) betuminosos
8480,- Caixas de fundição
8481,- Válvulas redutoras de pressão
8482,De carga radial
8483,"Forjados, de peso igual ou superior a 900 kg e comprimento igual ou superior a 2.000 mm"
8484,- Juntas metaloplásticas
8485,- Por depósito de metal
8486,- Máquinas e aparelhos para fabricação de boules ou wafers
8487,- Hélices para embarcações e suas pás
8501,"De passo não superior a 1,8°"
8502,De corrente alternada
8503,"De motores ou geradores das subposições 8501.10, 8501.20, 8501.31, 8501.32 ou do item 8501.40.1"
8504,- Reatores (Balastros*) para lâmpadas ou tubos de descarga
8505,-- De metal
8506,"De tensão igual a 1,5 V, cilíndricas, do tipo LR14 (C)"
8507,De capacidade inferior ou igual a 20 Ah e tensão inferior ou igual a 12 V
8508,-- De potência não superior a 1.500 W e cujo volume do reservatório não exceda 20 l
8509,Liquidificadores
8510,- Aparelhos ou máquinas de barbear
8511,- Velas de ignição
8512,- Aparelhos de iluminação ou de sinalização visual do tipo utilizado em bicicletas
8513,Manuais
8514,-- Prensas isostáticas a quente
8515,-- Ferros e pistolas
8516,"- Aquecedores elétricos de água, incluindo os de imersão"
8517,-- Aparelhos telefônicos por fio com unidade auscultador-microfone sem fio
8518,Piezelétricos próprios para aparelhos telefônicos
8519,"- Aparelhos que funcionem por introdução de moedas, notas (papéis-moeda), cartões de banco, fichas ou por outros meios de pagamento"
8521,"Gravador-reprodutor, sem sintonizador"
8522,- Fonocaptores
8523,Não gravados
8524,-- De cristais líquidos
8525,"Em AM, com modulação por código ou largura de pulso, totalmente a semicondutor e com potência de saída superior a 10 kW"
8526,- Aparelhos de radiodetecção e de radiossondagem (radar)
8527,-- Rádios toca-fitas (Rádios-leitores de cassetes*) de bolso
8528,-- Capazes de serem conectados diretamente a uma máquina automática para processamento de dados da posição 84.71 e concebidos para serem utilizados com esta máquina
8529,Antenas com refletor parabólico
8530,"Digitais, para controle de tráfego"
8531,Alarmes contra incêndio ou sobreaquecimento
8532,"- Condensadores fixos concebidos para linhas elétricas de 50/60 Hz e capazes de absorver uma potência reativa igual ou superior a 0,5 kvar (condensadores de potência)"
8533,"- Resistências fixas de carbono, aglomeradas ou de camada"
8534,Com isolante de resina fenólica e papel celulósico
8535,- Fusíveis e corta-circuitos de fusíveis
8536,- Fusíveis e corta-circuitos de fusíveis
8537,"Com processador e barramento de 32 bits ou superior, incorporando recursos gráficos e execução de macros, resolução inferior ou igual a 1 micrômetro (mícron) e capacidade de conexão digital para servo-acionamento, com monitor policromático"
8538,"- Quadros, painéis, consoles, cabinas, armários e outros suportes, da posição 85.37, desprovidos dos seus aparelhos"
8539,Para uma tensão inferior ou igual a 15 V
8540,-- A cores
8541,Zener
8542,Não montados
8543,- Aceleradores de partículas
8544,-- De cobre
8545,-- Do tipo utilizado em fornos
8546,- De vidro
8547,- Peças isolantes de cerâmica
8548,Termopares do tipo utilizado em dispositivos termoelétricos de segurança de aparelhos alimentados a gás
8549,"-- Desperdícios e resíduos, e sucata, de acumuladores de chumbo-ácido; acumuladores de chumbo-ácidob inservíveis"
8601,- De fonte externa de eletricidade
8602,- Locomotivas diesel-elétricas
8603,- De fonte externa de eletricidade
8604,"Autopropulsados, equipados com batedores de balastro e alinhadores de vias férreas"
8605,Vagões de passageiros
8606,- Vagões-tanque (vagões-cisterna) e semelhantes
8607,Bogies
8608,Mecânicos
8609,"Contêineres (Contentores*), incluindo os de transporte de fluidos, especialmente concebidos e equipados para um ou mais meios de transporte."
8701,- Tratores de eixo único
8702,- Unicamente com motor de pistão de ignição por compressão (diesel ou semidiesel)
8703,- Veículos especialmente concebidos para se deslocar sobre a neve; veículos especiais para transporte de pessoas nos campos de golfe e veículos semelhantes
8704,Com capacidade de carga igual ou superior a 85 toneladas
8705,Com todos os eixos de rodas direcionáveis e capacidade máxima de elevação inferior a 100 t
8706,Dos veículos da posição 87.02
8707,- Para os veículos da posição 87.03
8708,- Para-choques e suas partes
8709,-- Elétricos
8710,"Tanques e outros veículos blindados de combate, armados ou não, e suas partes."
8711,- Com motor de pistão de cilindrada não superior a 50 cm3
8712,Bicicletas
8713,- Sem mecanismo de propulsão
8714,- De motocicletas (incluindo os ciclomotores)
8715,"Carrinhos e veículos semelhantes para transporte de crianças, e suas partes."
8716,"- Reboques e semirreboques, para habitação ou para acampar, do tipo trailer (caravana*)"
8801,"Balões e dirigíveis; planadores, asas voadoras e outros veículos aéreos, não concebidos para propulsão a motor."
8802,"-- De peso não superior a 2.000 kg, vazios (sem carga)"
8804,Paraquedas (incluindo os paraquedas dirigíveis e os parapentes) e os paraquedas giratórios; suas partes e acessórios.
8805,"- Aparelhos e dispositivos para lançamento de veículos aéreos, e suas partes; aparelhos e dispositivos para aterrissagem (aterragem) de veículos aéreos em porta-aviões e aparelhos e dispositivos semelhantes, e suas partes"
8806,- Concebidos para o transporte de passageiros
8807,"- Hélices e rotores, e suas partes"
8901,"- Transatlânticos, barcos de excursão e embarcações semelhantes principalmente concebidas para o transporte de pessoas; ferryboats"
8902,"De comprimento, de proa a popa, igual ou superior a 35 m"
8903,"-- Equipados com um motor ou concebidos para comportá-lo, de peso vazio (sem carga) sem motor não superior a 100 kg"
8904,Rebocadores e barcos concebidos para empurrar outras embarcações.
8905,- Dragas
8906,- Navios de guerra
8907,- Balsas infláveis
8908,"Embarcações e outras estruturas flutuantes, para desmantelar."
9001,De diâmetro de núcleo inferior a 11 micrômetros (mícrons)
9002,Para câmeras fotográficas
9003,-- De plástico
9004,- Óculos de sol
9005,- Binóculos
9006,"- Câmeras fotográficas especialmente concebidas para fotografia submarina ou aérea, para exame médico de órgãos internos ou para laboratórios de medicina legal ou de investigação judicial"
9007,- Câmeras
9008,- Projetores e aparelhos de ampliação ou de redução
9010,"Cubas e cubetas, de operação automática e programáveis"
9011,- Microscópios estereoscópicos
9012,Microscópios eletrônicos
9013,Miras telescópicas para armas
9014,"- Bússolas, incluindo as agulhas de marear"
9015,- Telêmetros
9016,"Sensíveis a pesos não superiores a 0,2 mg"
9017,Automáticas
9018,-- Eletrocardiógrafos
9019,- Aparelhos de mecanoterapia; aparelhos de massagem; aparelhos de psicotécnica
9020,Máscaras contra gases
9021,Artigos e aparelhos ortopédicos
9022,-- Aparelhos de tomografia computadorizada
9023,"Instrumentos, aparelhos e modelos, concebidos para demonstração (por exemplo, no ensino e nas exposições), não suscetíveis de outros usos."
9024,Para ensaios de tração ou compressão
9025,Que contenham mercúrio
9026,"Medidores-transmissores eletrônicos, que funcionem pelo princípio de indução eletromagnética"
9027,- Analisadores de gás ou de fumaça (fumos)
9028,Do tipo utilizado em postos (estações) de serviço ou garagens
9029,"Contadores de voltas, contadores de produção ou de horas de trabalho"
9030,Medidores de radioatividade
9031,- Máquinas de balancear (equilibrar) peças mecânicas
9032,De expansão de fluidos
9033,"Partes e acessórios não especificados nem compreendidos noutras posições do presente Capítulo, para máquinas, aparelhos, instrumentos ou artigos do Capítulo 90."
9101,-- De mostrador exclusivamente mecânico
9102,Com caixa de metal comum
9103,- Funcionando eletricamente
9104,"Relógios para painéis de instrumentos e relógios semelhantes, para automóveis, veículos aéreos, embarcações ou para outros veículos."
9105,-- Funcionando eletricamente
9106,- Relógios de ponto; relógios datadores e contadores de horas
9107,Interruptores horários
9108,Para relógios das posições 91.01 ou 91.02
9109,- Funcionando eletricamente
9110,Para relógios das posições 91.01 ou 91.02
9111,- Caixas de metais preciosos ou de metais folheados ou chapeados de metais preciosos (plaquê)
9112,- Caixas e semelhantes
9113,- De metais preciosos ou de metais folheados ou chapeados de metais preciosos (plaquê)
9114,- Quadrantes
9201,- Pianos verticais
9202,"- De cordas, tocados com o auxílio de um arco"
9205,"- Instrumentos denominados ""metais"""
9206,"Instrumentos musicais de percussão (por exemplo, tambores, caixas, xilofones, pratos, castanholas, maracás)."
9207,Sintetizadores
9208,- Caixas de música
9209,- Cordas para instrumentos musicais
9301,"- Peças de artilharia (por exemplo, canhões, obuses e morteiros)"
9302,"Revólveres e pistolas, exceto os das posições 93.03 ou 93.04."
9303,- Armas de fogo carregáveis exclusivamente pela boca
9304,"Recipientes do tipo aerossol que contenham produtos químicos ou oleorresina de Capsicum, com fins irritantes"
9305,- De revólveres ou pistolas
9306,"Que contenham produtos químicos ou oleorresina de Capsicum, com fins irritantes"
9307,"Sabres, espadas, baionetas, lanças e outras armas brancas, suas partes e bainhas."
9401,Ejetáveis
9402,"- Cadeiras odontológicas, cadeiras para salões de cabeleireiro e cadeiras semelhantes, e suas partes"
9403,"- Móveis de metal, do tipo utilizado em escritórios"
9404,- Suportes para camas (somiês)
9405,"Focos cirúrgicos (luzes sem sombra, do tipo utilizado em medicina, cirurgia ou odontologia)"
9406,Estufas
9503,"Triciclos, patinetes, carros de pedais e outros brinquedos semelhantes com rodas; carrinhos para bonecos"
9504,- Bilhares de qualquer espécie e seus acessórios
9505,- Artigos para festas de Natal
9506,-- Esquis
9507,- Varas (Canas*) de pesca
9508,- Circos ambulantes e coleções de animais ambulantes
9601,- Marfim trabalhado e obras de marfim
9602,Cápsulas de gelatinas digeríveis
9603,"- Vassouras e escovas constituídas por pequenos ramos ou outras matérias vegetais reunidas em feixes, mesmo com cabo"
9604,"Peneiras e crivos, manuais."
9605,"Conjuntos de viagem para toucador de pessoas, para costura ou para limpeza de calçado ou de roupa."
9606,- Botões de pressão e suas partes
9607,-- Com grampos de metal comum
9608,- Canetas esferográficas
9609,- Lápis
9610,"Lousas e quadros para escrever ou desenhar, mesmo emoldurados."
9611,"Carimbos, incluindo os datadores e numeradores, sinetes e artigos semelhantes (incluindo os aparelhos para impressão de etiquetas), manuais; dispositivos manuais de composição tipográfica e jogos de impressão manuais que contenham tais dispositivos."
9612,- Fitas impressoras
9613,"- Isqueiros de bolso, a gás, não recarregáveis"
9614,"Cachimbos (incluindo os seus fornilhos), piteiras (boquilhas) para charutos ou cigarros, e suas partes."
9615,-- De borracha endurecida ou de plástico
9616,"- Vaporizadores de toucador, suas armações e cabeças de armações"
9617,Garrafas térmicas e outros recipientes isotérmicos
9618,"Manequins e artigos semelhantes; autômatos e cenas animadas, para vitrines e mostruários."
9619,"Absorventes (Pensos*) e tampões higiênicos, cueiros, fraldas e artigos higiênicos semelhantes, de qualquer matéria."
9620,"Monopés, bipés, tripés e artigos semelhantes."
9701,"-- Quadros, pinturas e desenhos"
9702,- Com mais de 100 anos
9703,- Com mais de 100 anos
9704,"Selos postais, selos fiscais, marcas postais, envelopes de primeiro dia (first-day covers), inteiros postais e semelhantes, obliterados, ou não obliterados, exceto os artigos da posição 49.07."
9705,"- Coleções e peças de coleção que apresentem um interesse arqueológico, etnográfico ou histórico"
9706,- Com mais de 250 anos
